"ProductLineId","ProductLineName","ProductLineDescription","ManufacturerId","DeletedFlag","UpdatedRecordFlag"
301,"Agito Components",,108,0,0
302,"Solo",,108,0,0
304,"UniMini Components",,108,0,0
305,"UniPlay Components",,108,0,0
316,"Burke Basics","Burke Basics",114,0,0
318,"Series 3000","Series 3000",114,0,0
322,"Little buddies","Little buddies",114,0,0
324,"Belair playstructure components","Belair playstructure components",116,0,0
325,"Ground level activities","Ground level activities",116,0,0
326,"BigToys","BigToys",213,0,0
328,"EarlyWorks","EarlyWorks",213,0,0
331,"Playsense component","Playsense component",150,0,0
332,"Playsense structure","Playsense structure",150,0,0
333,"Conventional","Conventional",118,0,0
334,"Universal","Universal",118,0,0
335,"Vip","Vip",118,0,0
337,"Spacenet","Spacenet",125,0,0
338,"Grimpeurs / Climbers",,132,0,0
339,"Équipements sportifs / Sports Equipment ",,132,0,0
340,"Équipements préscolaires / Preschool Play ",,132,0,0
341,,,132,0,0
342,"Glissoires / Slides ",,132,0,0
343," Équipements sur ressorts / Spring Rock Equipment ",,132,0,0
344," Balançoires / Swings",,132,0,0
345,"Bascules / Teeter Totter  ",,132,0,0
346,"Zilectra","Zilectra",132,0,0
347,"Powerscape","Powerscape",214,0,0
350,"Gt event","Gt event",214,0,0
351,"Kidtime","Kidtime",214,0,0
352,"Kt components","Kt components",214,0,0
358,"Primetime","Primetime",214,0,0
359,"Independent","Independent",147,0,0
360,"R5 Playcraft","R5 Playcraft",147,0,0
363,"Swings","Swings",147,0,0
374,"Idea structures","Idea structures",150,0,0
376,"PlayShaper","PlayShaper",150,0,0
385,"PlayBooster","PlayBooster",150,0,0
389,"Fitness","Fitness",151,0,0
390,"Independent Play","Independent Play",151,0,0
391,"Kid Builder","Kid Builder",151,0,0
393,"Maxplay","Maxplay",151,0,0
394,"Play Builder","Play Builder",151,0,0
395,"Early Childhood","Early Childhood",151,0,0
400,"Tots' Choice","Tots' Choice",154,0,0
401,"Kids' Choice",,154,0,0
403,"Misc","Misc",154,0,0
405,"Toddlers Choice","Toddlers Choice",154,0,0
407,"Caravan",,164,0,0
409,"Duramax","Duramax",164,0,0
412,,,164,0,0
413,"Parkplay","Parkplay",164,0,0
416,"Spring bouncers","Spring bouncers",164,0,0
417,"Supermax","Supermax",164,0,0
426,"Adventure","Adventure",615,0,0
428,"Expedition","Expedition",615,0,0
431,"Independent Events","Independent Events",615,0,0
432,"Structures","Structures",615,0,0
434,"Swings","Swings",615,0,0
445,"Custom line","Custom line",173,0,0
450,"Play Equipment","Play Equipment",176,0,0
480,"Ecoplay","Ecoplay",180,0,0
481,"Fun center","Fun center",210,0,0
482,"Modular","Modular",210,0,0
483,"Swings","Swings",210,0,0
488,"Playsteel Squared",,139,0,0
489,"Castle","Castle",145,0,0
492,"Elements comb. - modules",,145,0,0
493,"Elements comb. - structures","Elements comb. - structures",145,0,0
494,"Elements solitaire","Elements solitaire",145,0,0
496,"Galaxy modules","Galaxy modules",145,0,0
497,"Galaxy solitaire","Galaxy solitaire",145,0,0
498,"Galaxy structures","Galaxy structures",145,0,0
499,"Moments - make and create","Moments - make and create",145,0,0
500,"Moments - play frames","Moments - play frames",145,0,0
502,"Moments - role play","Moments - role play",145,0,0
504,"Moments - toddlers","Moments - toddlers",145,0,0
505,"Moments comb. - modules","Moments comb. - modules",145,0,0
506,"Moments comb. - structures","Moments comb. - structures",145,0,0
510,"Seesaws","Seesaws",145,0,0
518,"Springriders","Springriders",145,0,0
519,"Swings & Slides",,145,0,0
520,"Tables and benches","Tables and benches",145,0,0
522,"1",,615,0,0
523,"2",,615,0,0
524,"3",,615,0,0
535,"Bounce back","Bounce Back",175,0,0
536,"Columbia carolina","Columbia carolina",124,0,0
539,"Surfacing and Surfacing Systems","Cushion play",206,0,0
540,"Woodcarpet Mat - Foam",,196,0,0
541,"Duromat","Duromat",387,0,0
543,"Engineered wood fiber","Engineered wood fiber",135,0,0
544,"Engineered wood fiber","Engineered wood fiber",148,0,0
546,"Fibar Engineered Wood Fiber",,133,0,0
547,"Fx tiles","Fx tiles",128,0,0
549,"Kid Kushion","Kid Kushion",130,0,0
550,"Kid Tiles","Kid Tiles",151,0,0
551,"Kidcushion","Kidcushion",163,0,0
554,"Playground material","Playground material",221,0,0
555,"Playground safety fiber","Playground safety fiber",155,0,0
556,"Playground surface material","Playground surface material",219,0,0
559,"Playmulch","Playmulch",162,0,0
560,"Playsafer rubber mulch","Playsafer rubber mulch",179,0,0
563,"Sof fall",,182,0,0
564,"Surface de protection / Surfacing  ",,132,0,0
565,"Surfacing",,214,0,0
566,"Tuff Turf","Tuff Turf",175,0,0
568,"Wood fiber / playground surfaces","Wood fiber / playground surfaces",216,0,0
569,"Woodcarpet/Duradrain system",,196,0,0
570,"Woodcarpet","Engineered wood fiber",196,0,0
571,"Woodcarpet mat-PVC",,196,0,0
572,"Woodcarpet/gravel system","Woodcarpet/gravel system",196,0,0
574,"4",,615,0,0
582,"UNION LAND PLAY SYSTEMS","UNION LAND PLAY SYSTEMS",192,0,0
583,"FANTASIAN PLAY SYSTEMS","FANTASIAN PLAY SYSTEMS",192,0,0
584,"FITNESS PLAY SYSTEMS","FITNESS PLAY SYSTEMS",192,0,0
585,"U PLAY SYSTEMS",,192,0,0
586,"UKI PLAY SYSTEMS",,192,0,0
588,"GLASS CASTLE PLAY SYSTEMS/OASIS PLAY SYSTEMS","GLASS CASTLE PLAY SYSTEMS/OASIS PLAY SYSTEMS",192,0,0
592,"FunZone ","FunZone ",200,0,0
594,"TotTurf","TotTurf",177,0,0
597,"Voltage Nature Play",,114,0,0
603,"Playground Turf","Playground Turf",391,0,0
604,"Circuit Play","Circuit Play",114,0,0
605,"PlayBound PIP","PlayBound PIP",190,0,0
606,"PlayBound SBR Tile","PlayBound SBR Tile",190,0,0
607,"PlayBound EPDM Tile","PlayBound EPDM Tile",190,0,0
609,,,196,0,0
610,"Custom Line Composites","Custom Line Composites",173,0,0
617,"PlaySoft","PlaySoft",223,0,0
619,"FibarPIP Poured-in-Place Surfacing",,133,0,0
621,"R3.5 Playcraft","R3.5 Playcraft",147,0,0
623,"Geosculpt","Geosculpt",114,0,0
624,"RecMat","Interlocking rubber tiles",196,0,0
625,"Playsafe","Playsafe",205,0,0
627,"SpectraPour Safety Surfacing","SpectraPour Safety Surfacing",239,0,0
628,"SpectraBound Safety Surfacing Tiles",,239,0,0
635,"Tots' Choice Expansion","Tots' Choice Expansion",154,0,0
636,"All","All",206,0,0
647,"LANDSOFT TM",,151,0,0
651,"Child Safe ","Child Safe ",254,0,0
652,"Simply Child's Play","Simply Child's Play",261,0,0
653,"Sof'Splash","Sof'Splash",182,0,0
654,"Sof'Bounce Accessible","Sof'Bounce Accessible",182,0,0
658,"EcoKid",,233,0,0
659,,,242,0,0
661,"Playsystems","Playsystems",200,0,0
662,"Safe Cover","Safe Cover",256,0,0
666,"PC-METAL POSTS","PC-METAL POSTS",260,0,0
668,"METAL MONO POLE","METAL MONO POLE",260,0,0
669,"METAL A-FRAME SWING",,260,0,0
670,"X-SPIDER NET",,192,0,0
672,"5",,615,0,0
675,"Xscape","Xscape",214,0,0
679,,,271,0,0
680,"Kid-Safe Playground Surfacing Material","Kid-Safe Playground Surfacing Material",271,0,0
685,"SafePlay",,277,0,0
686,"SurePour Playground System",,270,0,0
688,"Surfacing",,154,0,0
692,,,151,0,0
694,"SMP - NEXUS","SMP - NEXUS",151,0,0
695,"SMP - Nexus",,154,0,0
696,"Sof'Bounce","Sof'Bounce",182,0,0
697,"Sof'Shield Outdoor","Sof'Shield Outdoor",182,0,0
699,"Turf","Synthetic Turf",276,0,0
701,"Playground Pillow","Playground Pillow",224,0,0
703,"Wonder",,288,0,0
706,"IMP-Play","IMP-Play",118,0,0
710,"SofTILE KrosLOCK Premium","SofTILE KrosLOCK Premium",183,0,0
711,"SofTILE KrosLOCK Plus","SofTILE KrosLOCK Plus",183,0,0
712,"Evos","Evos",150,0,0
713,"3/4\" Rubber Nugget Mulch",,274,0,0
714,,,274,0,0
715,"Sof'Shield Indoor","Sof'Shield Indoor",182,0,0
716,"Engineered Wood Fiber","Engineered Wood Fiber",242,0,0
717,"RecGrass","Synthetic turf system",196,0,0
719,"NRG ",,151,0,0
720," ECO Surfaces / Everlast / PlayGuard"," ECO Surfaces / Everlast / PlayGuard",128,0,0
728,"Ferris Playsafe Blend","Ferris Playsafe Blend",300,0,0
729,"Rubberific","Rubberific",305,0,0
730,"NuPlay","NuPlay",305,0,0
733,"EUROFLEX","softsystem 80",297,0,0
737,,,319,0,0
738,"Xccent Play",,319,0,0
739,"CLIMBERS",,192,0,0
740,"Nexus",,154,0,0
741,"Intensity","Intensity",114,0,0
742,"Wonder Mulch","Wonder Mulch",130,0,0
743,"Soft Landing",,306,0,0
747,"Nugget 3/4\" Rubber Mulch",,294,0,0
753,"SafeSurf","SafeSurf",383,0,0
754,"Brinkwood EWF","Brinkwood EWF",343,0,0
756,"Mini-Nugget 3/8\" Rubber Mulch",,294,0,0
757,"Shredded (Buffings) Rubber Mulch","Shredded (Buffings) Rubber Mulch",294,0,0
758,"CRW Surfacing","CRW Surfacing",318,0,0
759,"Rubberbond","Playsafer Bonded Rubber",179,0,0
760,"REACTIONS SYSTEM","REACTIONS SYSTEM",192,0,0
762,"Endura Safe","Endura Safe",325,0,0
763,"Univers","Univers",117,0,0
764,"Cosmo","Cosmo",117,0,0
768,"FlexGround Poured In Place",,351,0,0
769,"FlexGrass Safety Surfacing",,351,0,0
770,,,145,0,0
771,"BLOQX","BLOQX",145,0,0
774,"EWF","Engineered Wood Fiber",276,0,0
776,"Mega","Mega",166,0,0
777,"Mini","Mini",166,0,0
779,"Play Elements","Play Elements",166,0,0
782,"Peebles Kushion for Kids",,367,0,0
785,"RPS Components","Recreation Playsystems Components",249,0,0
786,"6",,615,0,0
787,"7",,615,0,0
788,"8",,615,0,0
789,"Surebond Playground System","Surebond Playground System",270,0,0
792,"ICON","ICON",145,0,0
793,"Rubber Mulch","Rubber Mulch",371,0,0
794,"Climbing Boulders",,384,0,0
795,"Playsoft Playground Mulch","Playsoft Playground Mulch",376,0,0
798,"Weevos","Weevos",150,0,0
800,"Natural Playsoft Wood Chips",,331,0,0
801,"Poured in place",,250,0,0
802,"Bonded rubber",,250,0,0
803,"Showscape Playground Chips",,312,0,0
805,"Fusion","Fusion",319,0,0
807,"Playground Mulch","Playground Mulch",359,0,0
808,,,315,0,0
810,"Structure Components","Structure Components",365,0,0
812,"PIP","Poured In Place",276,0,0
813,"Poured in Place Unitary","Poured in Place Unitary",360,0,0
814,"Playsafe Plus",,324,0,0
816,"Xyrä","Xyrä",132,0,0
819," PlayGuard","PlayGuard",128,0,0
820,"Burke Turf","Burke Turf",114,0,0
823,"SoftOne",,405,0,0
824,"Bonded Rubber","Bonded Rubber",276,0,0
825,,,615,0,0
826,"PlaySteel FIT","PlaySteel FIT",139,0,0
827,"PlaySteel MAX","PlaySteel MAX",139,0,0
828,"Orbis","Orbis",139,0,0
834,"Horizons","Horizons",164,0,0
835,"SilvaSport Playground Chips","SilvaSport Playground Chips",390,0,0
836,"SurfaceMax","SurfaceMax",164,0,0
838,"Nucleus","Nucleus",114,0,0
839,"Certified Wood Surfacing",,404,0,0
840,"EcoKid Express","EcoKid Express",233,0,0
842,"Riverside Playground Chips","Riverside Playground Chips",410,0,0
843,"Kiddie Mulch","Kiddie Mulch",420,0,0
846,"Safety Blanket","Safety Blanket",311,0,0
847,"Maximo5.0''",,421,0,0
854,"Playground Grass","Playground Grass",315,0,0
855,"Swings","Swings",139,0,0
856,"Independent Play","Independent Play",139,0,0
857,"Fitness Equipment","Fitness Equipment",139,0,0
858,"PC-FIRST FLIGHT","PC-FIRST FLIGHT",260,0,0
860,"Aztec","Aztec",210,0,0
862,,,399,0,0
863,"Rooster Rubber",,399,0,0
864,"UltraTile","UltraTile",190,0,0
867,"Uplay","Uplay",412,0,0
868,"PlayTuff Tiles",,294,0,0
869,"Uplay Play Structures","Uplay Play Structures",412,0,0
870,"Triax","Triax",319,0,0
871,"Tile","Tile",360,0,0
872,"ECCO SERIES","ECCO SERIES",176,0,0
889,"Kiddy Cushion","Kiddy Cushion",375,0,0
890,"Net Climbers","Net Climbers",246,0,0
891,,,276,0,0
892,,,276,0,0
893,"HAGS","HAGS",154,0,0
895,"Playground Surfacing",,451,0,0
896,"Active Line","Active Line",615,0,0
897,"Mt. Airy Sports Cushion","Mt. Airy Sports Cushion",402,0,0
898,"SoftStep",,435,0,0
900,"GreenSoft (R) Engineered Wood Fiber",,445,0,0
902,"NATURAL PARK PLAY SYSTEM","NATURAL PARK PLAY SYSTEM",192,0,0
903,"Engineered Wood Fiber","Engineered Wood Fibre",442,0,0
904,"Biggo Flyer","Biggo Flyer",246,0,0
905,,,414,0,0
906,"PRO-TECT TURF","Poured in Place Playground Safety Surfacing",414,0,0
907,"Net Jumpers","Net Jumpers",246,0,0
908,"ARR Permalife SoftStuff/Pour & Play",,441,0,0
909,"Nucleus Nature Play","Nucleus Nature Play",114,0,0
910,,,114,0,0
911,"EARLY CHILDHOOD STRUCTURE SYSTEM","EARLY CHILDHOOD STRUCTURE SYSTEM",192,0,0
913,"UKI DYNAMIC PLAY SYSTEMS",,192,0,0
914,"Engineered Wood Fiber","Engineered Wood Fiber",424,0,0
915,"Safe Play","Safe Play",448,0,0
918,"Natural Rock Playground Boulders",,436,0,0
919,"UKI PLAY SYSTEM-1",,192,0,0
920,"Playground Turf","Playground Turf",454,0,0
921,"Platinum Safety Chips","Platinum Safety Chips",450,0,0
922,"Nature Rocks","Nature Rocks",458,0,0
923,"REACTIONS SYSTEM II","REACTIONS SYSTEM II",192,0,0
924,"Rotating Climbers","Rotating Climbers",246,0,0
925,"Duraplay Surfacing system","Duraplay Surfacing system",444,0,0
926,,,384,0,0
927,"PlayTrails","PlayTrails",214,0,0
928,"Childcenter",,421,0,0
929,"GREEN HOUSE PLAY SYSTEMS","GREEN HOUSE PLAY SYSTEMS",192,0,0
930,"PARADISE","PARADISE",192,0,0
932,"Voltage","Voltage",114,0,0
933,"Rocks & Ropes","Rocks & Ropes",443,0,0
934,"Independent","Independent",615,0,0
935,"Pre-designed Structures","Pre-designed Structures",206,0,0
936,"Classix","Classix",319,0,0
937,"Gardimpact","Gardimpact",462,0,0
938,"Playground Surface Chips","Playground Surface Chips",437,0,0
939,"Platinum Safety Chips","Platinum Safety Chips",472,0,0
940,"KFC","KFC",145,0,0
941,"No Fault Safety Surface","Traditional Poured-in-Place with EPDM wear course",317,0,0
942,"SpectraPour Supreme Safety Surfacing",,239,0,0
944,"SpectraPour CA California Grant Safety Surfacing","SpectraPour CA California Grant Safety Surfacing",239,0,0
945,"SpectraPlay Splash Pad Surfacing","SpectraPlay Splash Pad Surfacing",239,0,0
947,"Kid - 2 ","Kid - 2 ",615,0,0
949,"Certified Playground Mix","Certified Playground Mix",475,0,0
950,"Marks Lumber Elkhorn Premium Fiber","Marks Lumber Elkhorn Premium Fiber",485,0,0
951,"PlayZone",,439,0,0
952,"Recreation Turf","Recreation Turf",489,0,0
953,"Hodge Podge","Hodge Podge",117,0,0
954,"Pinnacle Rubber Mulch","Pinnacle Rubber Mulch",274,0,0
955,,,274,0,0
958,"Gelefish","Gelefish",151,0,0
959,"Discovery Center","Discovery Center",412,0,0
960,"Earthscapes","Earthscapes",201,0,0
961,"Cedar Wood Fibre for Playgrounds",,483,0,0
962,"Poured In Place","Poured In Place",434,0,0
963,"All Purpose Turf with Thatch Zone",,480,0,0
964,"Early Childhood","Early Childhood",319,0,0
965,"All Purpose Turf",,480,0,0
966,"Multi Sport Indoor/Outdoor","Multi Sport Indoor/Outdoor",480,0,0
967,"Vitriturf",,434,0,0
968,"E-Turf","E-Turf",434,0,0
969,"Bonded","Bonded",434,0,0
971,"MAX BELLO PLAY SYSTEMS","MAX BELLO PLAY SYSTEMS",192,0,0
972,"Discovery Center Play Structures","Discovery Center Play Structures",412,0,0
973,"Playsites PIP","Playsites PIP",467,0,0
974,,,467,0,0
976,"Attachments","Attachments",117,0,0
977,"RecessReady123",,430,0,0
979,"wood playground surfacing","wood playground surfacing",453,0,0
980,"Freestanding Play","Freestanding Play",150,0,0
981,"Planar Mast Net","Planar Mast Net",246,0,0
998,"No Fault Rubber Mulch","Loose Fill Rubber Mulch",317,0,0
999,"No Fault Safety Tiles","Playground Safety Tiles",317,0,0
1003,"Long Life","Aluminum Steel Plastic",461,0,0
1005,,,461,0,0
1016,"PSS Surfacing","PSS Surfacing",500,0,0
1017,"TotTime","TotTime",214,0,0
1018,,,484,0,0
1019,"SoftJam","SoftJam",484,0,0
1020,"Poured in Place","Poured in Place",473,0,0
1021,"Go Play :)","Go Play :)",319,0,0
1022,"RockCraft Boulders",,178,0,0
1024,"No Fault Bonded Rubber Mulch","Bonded Rubber Mulch",317,0,0
1025,"\"Go Play\"  Engineered Safety Surfacing","\"Go Play\"  Engineered Safety Surfacing",501,0,0
1027,"Engineered Wood Fiber","Engineered Wood Fiber",497,0,0
1028,"Certified Playground Woodchips",,515,0,0
1030,"Moments","Moments",145,0,0
1031,"Test Product Line","Test Product Line",403,0,0
1033,"Fibertop Engineered Wood Fibre","Fibertop Engineered Wood Fibre",506,0,0
1036,"America Rubber Surfacing",,520,0,0
1037,"PlayGround Walls","PlayGround Walls",458,0,0
1038,,,177,0,0
1039,"Nature's Choice Playground Surfacing",,505,0,0
1040,,,505,0,0
1041,"Play N' Fall","Play N' Fall",512,0,0
1042,"Agito Structures","Agito Structures",108,0,0
1043,"UniMini Structures","UniMini Structures",108,0,0
1044,"UniPlay Structures","UniPlay Structures",108,0,0
1045,"Kan-Comp Series",,388,0,0
1046,"Loose Fill Rubber","Loose Fill Rubber",524,0,0
1047,"PermaLife Pour & Play",,517,0,0
1048,"PipeLine",,522,0,0
1049,"TimberForm","TimberForm",522,0,0
1050,"RePlay","RePlay",522,0,0
1053,,,506,0,0
1054,"Fibertop ewf plus Wear Mat","Fibertop ewf plus Wear Mat",506,0,0
1055,"Kid Kushion","Kid Kushion",486,0,0
1056,"Kan-Rec Series",,388,0,0
1057,"SkyLIne ","SkyLIne ",164,0,0
1058,"Navigator","Navigator",213,0,0
1059,"EnduraFlex Poured In Place","EnduraFlex Poured In Place",351,0,0
1060,"UltraFlex Poured In Place","UltraFlex Poured In Place",351,0,0
1061,"EWF","EWF",495,0,0
1065,"Sprinkle Flex","Sprinkle Flex",434,0,0
1067,"Défi-O / System-O","Défi-O / System-O",132,0,0
1068,"SYNLawn",,400,0,0
1069,"PlayStructures","PlayStructures",214,0,0
1070,,,192,0,0
1071,"Wood Fiber Surfacing ","Wood Fiber Surfacing ",514,0,0
1072,"Minimo 3.5''",,421,0,0
1073,"Treecenter",,421,0,0
1074,"Play structure CD-02","Play structure CD-02",421,0,0
1075,"Play structure CD-03","Play structure CD-03",421,0,0
1076,"Play structure CD-03X","Play structure CD-03X",421,0,0
1077,"Play structure CD-04","Play structure CD-04",421,0,0
1078,"Play structure CD-05","Play structure CD-05",421,0,0
1079,"Play structure CD-06","Play structure CD-06",421,0,0
1080,"Kan-Swing Series",,388,0,0
1081,"Kan-Up Series",,388,0,0
1082,"Hughes Landing Pad Playground Chips","Engineered Wood Fiber",523,0,0
1083,,,276,0,0
1084,,,276,0,0
1085,"Revolution","Revolution",147,0,0
1086,"Rubber Mulch King","Rubber Mulch King",464,0,0
1088,"Playground chips","Playground chips",532,0,0
1089,"Test","Test",545,0,0
1090,"Cousineau Play Chips","Double processed softwood chips",525,0,0
1091,,,525,0,0
1092,"Playground Surface Mulch","Mulch/Wood Chips",544,0,0
1093,,,544,0,0
1094,"Nexus 5.0''",,421,0,0
1095,"GroundRubber Play","Loose Fill Rubber 3/8",482,0,0
1096,"Slide Tile Mat","Unitary Mat",482,0,0
1097,"MPP - modules","Moments preschool comb. modules",145,0,0
1098,"MPP - structures","Moment preschool comb. structures",145,0,0
1099,"Holland Playmulch","Natural woodchip designed for playground use.",519,0,0
1100,,,276,0,0
1101,"Replay","Replay",305,0,0
1102,"Nuscape","Nuscape",305,0,0
1103,"Playground Surfacing","Play Canvas",540,0,0
1104,"Playground Safety Surfacing","Engineered Wood Fiber",549,0,0
1105,"Rubber Mulch Playground Flooring","Rubber Mulch Playground Rubber Flooring",533,0,0
1106,"Swings","Swings",369,0,0
1107,"GroundSmart Rubber Mulch","GroundSmart Rubber Mulch",274,0,0
1108,"Rotating Nets","Rotating Nets",369,0,0
1109,"Net Climbers","New Climbers",369,0,0
1110,"Seesaw","Seesaw",369,0,0
1111,"Bouncing Nets","Bouncing Nets",369,0,0
1112,"Child Safety Guard","Wood Fiber Playground Material",558,0,0
1113,"TumbleSafe","Engineered Wood Fiber",551,0,0
1114,"Everlast","Everlast",128,0,0
1115," xxx"," ",128,0,0
1116," Blocs psychomoteurs J3 / J3 Play Structures",,132,0,0
1117,"Flex Fiber","engineered wood fiber",547,0,0
1118,,,547,0,0
1119,"PlayTech","Playground surfacing",555,0,0
1120,"Certified Playground Surfacing","Certified engineered wood fiber playground surfacing",508,0,0
1121,"Engineered Wood Fiber","Engineered Wood Fiber Surfacing",548,0,0
1122,"Granulflex","Granulflex",434,0,0
1123,"Bondflex","Bondflex",434,0,0
1124,"Pearlflex","Pearlflex",434,0,0
1125,"Playsafe","Engineered Wood Fiber",417,0,0
1126,,,315,0,0
1127,,,315,0,0
1128,,,315,0,0
1129,,,315,0,0
1130,"Rocks & Ropes","Rocks & Ropes",154,0,0
1131,"STI SoftLawn Playground","Synthetic Turf International SoftLawn Playground Systems",562,0,0
1132,"KidSoft","Safety Surfacing",200,0,0
1133,"Burke Tiles","Burke Tiles",114,0,0
1134,"Engineered Wood Fiber","Playground Mulch",559,0,0
1135,"Play Magic","Engineered Wood Fiber",560,0,0
1136,"Imaginator - modules","Imaginator - modules",145,0,0
1137,"Imaginator - structures","Imaginator - structures",145,0,0
1138,"Xtreme Surfacing",,351,0,0
1139,"Mulch ","Playground Mulch",542,0,0
1140,"BasiX","Climbers",125,0,0
1141,"PermaLife Pour and Play","PermaLife Pour&Play Rubber Playground Safety Surfacing",575,0,0
1142,"No Fault Safety Surface TPV","Poured-in-Place with TPV wear course",317,0,0
1143,"Kiddie Kushion","Engineered Wood Fiber",563,0,0
1144,"Engineered Wood Fiber","Go Play",574,0,0
1145,"SAF DEK","The Original Poured-in-Place surface",317,0,0
1146,,,317,0,0
1147,,,317,0,0
1148,"ShadeBuilder","ShadeBuilder",151,0,0
1149,,,461,0,0
1150,,,506,0,0
1151,,,506,0,0
1152,"Fiber Weave ","Fiber Weave Engineered Cedar Wood Fibre",506,0,0
1153,"SofTILE KrosLOCK Plus DuraSAFE Series","SofTILE KrosLOCK Plus DuraSAFE Series",183,0,0
1154,"SofTILE KrosLOCK Premium DuraSAFE Series","SofTILE KrosLOCK Premium DuraSAFE Series",183,0,0
1155,"Structures","Structures",147,0,0
1156,"Register 6","Movement: Swinging, Swaying, Balancing, Rocking",468,0,0
1157,"Register 4","Role Play Equipment: Animals, Play Houses, Stationary Vehicles",468,0,0
1158,"Register 3","Combination Equipment: Platforms, Huts, Towers, Slides, Bridges",468,0,0
1159,"TerraSoft Rubber Safety Surface 3 ft ","Playground Rubber Safety Surface 3 ft Fall Height 1.5 inch thickness",504,0,0
1160,"TerraSoft Rubber Safety Surface 4 ft ","Playground Rubber Safety Surface 4 ft Fall Height 2.0 inch thickness",504,0,0
1161,"TerraSoft Rubber Safety Surface 5 ft","Playground Rubber Safety Surface 5 ft Fall Height 2.5 inch thickness ",504,0,0
1162,"TerraSoft Rubber Safety Surface 6 ft","Playground Rubber Safety Surface 6 ft Fall Height 3 inch thickness",504,0,0
1163,"TerraSoft Rubber Safety Surface 8 ft","Playground Rubber Safety Surface 8 ft Fall Height 3.5 inch thickness",504,0,0
1164,"TerraSoft Mulch Safety Surface 4 ft","Playground Mulch Safety Surface 4 ft Fall Height 2",504,0,0
1165,"TerraSoft Mulch Safety Surface 6 ft","Playground Mulch Safety Surface 6 ft Fall Height 3\" Thickness",504,0,0
1166,"Playnet","Playnet",125,0,0
1167,"Dome","Dome",125,0,0
1168,"Parcour","Parcour",125,0,0
1169,"Leader Mulch playground","Leader Mulch by Rubber 2 Go LLC is the industry leader and only company to manufacture a full line of 100% recycled rubber products for landscaping, playground and commercial applications under one roof and the whole process is 100% indoor.6 standard colors and custom colors available ",556,0,0
1170,"Leader Mulch Landscaping","Leader Mulch by Rubber 2 Go LLC is the industry leader and only company to manufacture a full line of 100% recycled rubber products for landscaping, playground and commercial applications under one roof and the whole process is 100% indoor.6 standard colors and custom colors available ",556,0,0
1171,"Playground","Leader Mulch by Rubber 2 Go LLC is the industry leader and only company to manufacture a full line of 100% recycled rubber products for landscaping, playground and commercial applications under one roof and the whole process is 100% indoor.6 standard colors and custom colors available ",554,0,0
1172,"Landscape","Leader Mulch by Rubber 2 Go LLC is the industry leader and only company to manufacture a full line of 100% recycled rubber products for landscaping, playground and commercial applications under one roof and the whole process is 100% indoor.6 standard colors and custom colors available ",554,0,0
1173,"Engineered Wood Fiber Playground Cushion","Engineered Wood Fiber",576,0,0
1174,"Playground Surfacing-Engineered Wood Products","Public Play Surfacing Spec. ASTM 1292",581,0,0
1175,,,297,0,0
1176,,,297,0,0
1177,"Playground Surface Mulch","Soft-Lee's",591,0,0
1178,"Nexus4.5''",,421,0,0
1179,"Spring Rider Series",,421,0,0
1180,"Natural Landscape Series",,421,0,0
1181,"CWP - Certified Playground Mix","Playground Wood Fiber Surfacing Material",568,0,0
1182,"Certified Playground Material","Certified Playground Material",578,0,0
1183,"PlayWorx","PlayWorx",214,0,0
1184,"Engineered Wood Fiber","Engineered Wood Fiber",588,0,0
1185,,,588,0,0
1186,"AnderSoft playground Surfacing Material","EWF (engineerer wood fiber)",572,0,0
1187,"Surfacing","Wood Fiber",557,0,0
1188,"Mountain West Products Playground Chips","Playground Wood Fiber",579,0,0
1189,"Essentials","Essentials",154,0,0
1190,"Standard Playground Mulch","EWF - Engineered Wood Fiber",604,0,0
1191,"Perma-Play ","2-Layer Poured-in-Place Surfacing",565,0,0
1192,"Perma-Mulch","1-Layer Poured-in-Place Surfacing",565,0,0
1193,"EZ Landing Certified Playground Surface","Certified Playground Surface made from wood ",564,0,0
1194,"Engineered Wood Fiber",,595,0,0
1195,"9",,615,0,0
1196,"Playground Mulch","Engineered Wood Fiber",589,0,0
1197,"TerraSoft Rubber Safety Surface 10 ft","Playground Rubber Safety Surface 10 ft Fall Height 4.5 inch thickness ",504,0,0
1198,"Conner Mulch","Engineered Wood Product completely organic from virgin hardwood",606,0,0
1199,"Play Safe 50 Turf System 8' CFH","50 oz sports fibers, HydroChill sand infill, 2",526,0,0
1200,"Play Safe 50 Turf System 5' CFH","50 oz sports fibers, HydroChill sand infill, 20mm porous pad over aggregate. Intended for fall heights of 2 ft. up to 5 ft.",526,0,0
1201,,,526,0,0
1202,"Pala Wood's Playground Turf","Certified Playground turf ",536,0,0
1203,"Cedarweave","Cedarweave surfacing engineered from pure cedar fibres that knit together to form a surface that's soft and firm and easy to maintain.",611,0,0
1204,"SofCRETE Premium Poured in Place","SofCRETE Premium Poured in Place",183,0,0
1205,,,145,0,0
1206,"Robinia","Robinia",145,0,0
1207,"Playground Wood Fiber Surfacing","Loose Fill Wood Playground Surfacing",616,0,0
1208,," ",276,0,0
1209,"Sofstep playground material","engineered virgin wood playground surface material",627,0,0
1210,"Engineered Wood Fiber","Engineered wood fiber",577,0,0
1211,"Playground Mulch",,563,0,0
1212,"CP - modules","CP - modules",145,0,0
1213,"Mini & Mega","Works for either Mini or Mega",166,0,0
1214,,,615,0,0
1215,"R3","Recycled ",615,0,0
1216,"Ionix","Ionix",214,0,0
1217,"CLIMATIC ENVIRONMENT PLAY SYSTEMS","CLIMATIC ENVIRONMENT PLAY SYSTEMS",192,0,0
1218,"PlayFun Mulch","Rubber Mulch",617,0,0
1219,,,367,0,0
1220,"Kidz Kushion","Engineered Softwood Fiber Playground Safe Material",628,0,0
1221,"Premier Rubber Mulch","Recycled shredded rubber mulch",583,0,0
1222,"Premier Rubber Nuggets","Recycled rubber nugget mulch",583,0,0
1223,"U-Play","U-Play",118,0,0
1224,"Softline FirstBase Surface System","Softline FirstBase Surface System",643,0,0
1225,"Kiddy Kushion EWF","Engineered Wood Fiber",586,0,0
1226,"Kiddy Kushion EWF#1","Engineered Wood Fiber",586,0,0
1227,"KidNetix","KidNetix",214,0,0
1228,,,545,0,0
1229,"Granuband - Loose Fill Rubber","Loose Fill Rubber",640,0,0
1230,,,506,0,0
1231,"Playground Chips","Virgin Engineered Wood Fiber",613,0,0
1232,"playground mulch","engineered hardwood blend wood fiber",635,0,0
1233,"Cedar Playground Mulch","Playground Mulch",642,0,0
1234,"Komplay solitaire","Komplay solitaire",145,0,0
1235,"Playground Mulch","playground mulch",637,0,0
1236,"Precision Play E.W.F.","Playground Surfacing",652,0,0
1237,"Urban Design","Playpoints",117,0,0
1238,"Greenville","Greenville",117,0,0
1239,"BoulderScape ","BoulderScape",164,0,0
1240,"K-Turf","Engineered Wood Fiber Playground Surfacing",612,0,0
1241,"Certified Playground Chips","Engineered Wood Fibers and Public Play Surfacing",651,0,0
1242,"Themed Metal & Plastic Play System Components","7M0112 PLASTISOL COVERED TRIANGLE PLATFORM",622,0,0
1243,"Freestanding Play Equipments",,622,0,0
1244,"MaxPour","Poured-In-Place Playground Surfacing",649,0,0
1245,"MaxPour Supreme","Poured-In-Place Playground Surfacing",649,0,0
1246,"PlayTurf","Sythetic Turf with PIP Cushion Surfacing",649,0,0
1247,"PolyMax","Poly Poured-In-Place Playground Surfacing",649,0,0
1248,"SplashMax","Poly Poured-In-Place Splash Pad Surfacing",649,0,0
1249,"Inclusive Play System Components",,622,0,0
1250,"Park-Net Rope Climbing Play Systems",,622,0,0
1251,,,421,0,0
1252,"Timber Tots","EWF",602,0,0
1253,"Mountain Mulch","Engineered Wood Fiber Playground Surfacing",493,0,0
1254,"GreenSoft (R) Poured-In-Place Surfacing",,445,0,0
1255,"Engineered Wood Fiber","Virgin hardwood engineered wood fiber (mulch) for playground surfacing",665,0,0
1256,"Balançoires / Swings",,647,0,0
1257,"Glissoires / Slides",,647,0,0
1258,"Grimpeurs / Climbers",,647,0,0
1259,"Jeux de ballon / Ball Games",,647,0,0
1260,"Jeux sur ressorts / Bouncers",,647,0,0
1261,"Maisonnettes & accessoires / Playhouses & accessor",,647,0,0
1262,"Modules de Jeux / Playstructures",,647,0,0
1263,"Toupies / Spinners",,647,0,0
1264,"Tunnels",,647,0,0
1265,"TigerTurf","Artificial Landscape Turf",629,0,0
1266,"Turf",,250,0,0
1267,"Bushels Blooms ","Playground mulch",662,0,0
1268,"Playsafe","Engineered Wood Fiber",446,0,0
1269,"Rase-mottes / Go-Hop",,647,0,0
1270,"Sky Walk","Playground Areas",125,0,0
1271,"Frisbee","Playground Areas",125,0,0
1272,"Loose Fill Rubber","Rubber Mulch",670,0,0
1273,"MULCHEX CEDAR PATH & PLAY FIBERS ","FIBRE DE CÈDRE POUR TERRAIN DE JEUX ",593,0,0
1274,"Roundabouts","Roundabouts",580,0,0
1275,"Movers","Movers",580,0,0
1276,,,365,0,0
811,"FRSTD","FreeStanding",365,0,0
1277,"Jeux Autonomes / Free Standing Structures",,647,0,0
1278,"Robinia modules","Robinia modules",145,0,0
1279,"Certified Playground Mulch","Certified Playground Mulch",678,0,0
1280,"Surfacing","Poured in Place Rubber; playground saftey surfacing",667,0,0
1281,,,667,0,0
1282,,,667,0,0
1283,"Systems","EPS Components",425,0,0
1284,"Handrails","EPS Components",425,0,0
1285,"HDPE Plastic Panels","EPS Components",425,0,0
1286,"Slides","EPS Components",425,0,0
1287,"Plastic Climbers","EPS Components",425,0,0
1288,"Roto Molded Plastic Panels","EPS Components",425,0,0
1289,"Metal Panels and Frames","EPS Components",425,0,0
1290,"Decks and Steps","EPS Components",425,0,0
1291,"DuraMax",,687,0,0
1292,"Joe Brown","Joe Brown",117,0,0
1293,"Engineered Wood Fiber",,650,0,0
1294,"Engineered Wood Fiber","Engineered ",682,0,0
1295,"Playground Surfacing","Playground Surfacing",686,0,0
1296,"KinderMulch","playground rubber mulch",677,0,0
1297,"100% cedar engineered Wood Fiber","100% cedar engineered Wood Fiber Surfacing",679,0,0
1298,"Playground Mulch","Certified Playground Mulch",685,0,0
1299,"EWF Safety Surface","MicroChips for Playgrounds",691,0,0
1300,,"Micromulch for Playgrounds",691,0,0
1301,,,691,0,0
1302,,,691,0,0
1303,"Certified Playground Fiber","Surfacing Material",653,0,0
1304,"test 2","test 2",545,0,0
1305,"ParkMat","Engineered Wood Fiber Playground Surfacing",631,0,0
1306,"Amex Poured In Place","Poured In Place",654,0,0
1307,,,545,0,0
1308,"Beaver Chips","Playground Safety Surfacing \"EWF\"",671,0,0
1309,"Saratoga Forest Management EWF","Engineered Wood Fiber",688,0,0
1310,"Engineered Wood Fiber (EWF)","Engineered Wood Fiber (EWF)",694,0,0
1311,,,655,0,0
1029,"SpectraTurf Grass","Synthetic Turf",239,0,0
1312,"Certified Playground Mulch ","Processed natural wood, ground to a no larger than one inch pieces, free of hazardous substances and meets ASTM F2075 and ASTM F1292",697,0,0
1313,"Engineered Wood Fiber","Engineered Wood Fiber",666,0,0
1314,"Engineered Wood Fiber","Engineered Wood Fiber Playground Surfacing",700,0,0
1315,"4591-USA","Sports Day Assault Course",655,0,0
1316,,,655,0,0
1317,"ICON Structures","ICON Structures",145,0,0
1318,"PlayMax","6x6 FRP Structural Play System",620,0,0
1319,"ValuMax","4x4 FRP Structural Play System",620,0,0
1320,"UFOs","UFOs",117,0,0
1321,"PlayTots","PlayTots",139,0,0
1322,"Certified Playground Mulch",,673,0,0
1323,"Playground Mulch","Certified Playground Mulch",705,0,0
1324,"Playground Mulch","Certified Playground Mulch",705,0,0
1325,"TerraCritters","Animal themed GFRC climbers",546,0,0
1326,"Playground Rock Climbers","Rock themed GFRC climbers",546,0,0
1327,"Woodlands","Tree themed GFRC climbers",546,0,0
1328,,,324,0,0
1329,"Playground Safety Surfacing","Engineered Wood Fiber",715,0,0
1330,"Engineered wood fiber","playground",706,0,0
1331,"Spider series",,655,0,0
1332,"Kiddie Kushion","Kiddie Kushion® is produced from virgin hardwood species, primarily oak, and is processed into a playground-safe consistency.",714,0,0
1333,"Playmatt","Playground Matting",709,0,0
1334,"Playground Mulch","Engineered Wood Fiber for Playgrounds",717,0,0
